{"EC-UserId-158549":{"last_hashes":83673248,"current_hashrate":45,"avg_hashrate":10,"history":{"hashrate_hours_ago_1":0,"hashrate_hours_ago_2":0,"hashrate_hours_ago_3":0,"hashrate_hours_ago_4":4,"hashrate_hours_ago_5":20,"hashrate_hours_ago_6":75,"hashrate_hours_ago_7":274,"hashrate_hours_ago_8":773,"hashrate_hours_ago_9":925,"hashrate_hours_ago_10":976,"hashrate_hours_ago_11":815,"hashrate_hours_ago_12":750,"hashrate_hours_ago_13":811,"hashrate_hours_ago_14":865,"hashrate_hours_ago_15":549,"hashrate_hours_ago_16":2,"hashrate_hours_ago_17":14,"hashrate_hours_ago_18":55,"hashrate_hours_ago_19":198,"hashrate_hours_ago_20":713,"hashrate_hours_ago_21":840,"hashrate_hours_ago_22":769,"hashrate_hours_ago_23":883}},"EC-UserId-203547":{"last_hashes":109879840,"current_hashrate":25,"avg_hashrate":10,"history":{"hashrate_hours_ago_1":12,"hashrate_hours_ago_2":7,"hashrate_hours_ago_3":12,"hashrate_hours_ago_4":14,"hashrate_hours_ago_5":8,"hashrate_hours_ago_6":13,"hashrate_hours_ago_7":13,"hashrate_hours_ago_8":10,"hashrate_hours_ago_9":15,"hashrate_hours_ago_10":13,"hashrate_hours_ago_11":11,"hashrate_hours_ago_12":11,"hashrate_hours_ago_13":11,"hashrate_hours_ago_14":11,"hashrate_hours_ago_15":11,"hashrate_hours_ago_16":14,"hashrate_hours_ago_17":13,"hashrate_hours_ago_18":12,"hashrate_hours_ago_19":14,"hashrate_hours_ago_20":15,"hashrate_hours_ago_21":17,"hashrate_hours_ago_22":13,"hashrate_hours_ago_23":15}},"EC-UserId-203547.[Object object]":{"last_hashes":30313859,"current_hashrate":0,"avg_hashrate":0,"history":{"hashrate_hours_ago_1":0,"hashrate_hours_ago_2":0,"hashrate_hours_ago_3":0,"hashrate_hours_ago_4":0,"hashrate_hours_ago_5":0,"hashrate_hours_ago_6":0,"hashrate_hours_ago_7":0,"hashrate_hours_ago_8":0,"hashrate_hours_ago_9":0,"hashrate_hours_ago_10":0,"hashrate_hours_ago_11":0,"hashrate_hours_ago_12":0,"hashrate_hours_ago_13":4,"hashrate_hours_ago_14":0,"hashrate_hours_ago_15":0,"hashrate_hours_ago_16":0,"hashrate_hours_ago_17":0,"hashrate_hours_ago_18":0,"hashrate_hours_ago_19":0,"hashrate_hours_ago_20":0,"hashrate_hours_ago_21":0,"hashrate_hours_ago_22":0,"hashrate_hours_ago_23":0}},"EC-UserId-212507":{"last_hashes":30760877,"current_hashrate":0,"avg_hashrate":0,"history":{"hashrate_hours_ago_1":0,"hashrate_hours_ago_2":0,"hashrate_hours_ago_3":0,"hashrate_hours_ago_4":0,"hashrate_hours_ago_5":4,"hashrate_hours_ago_6":19,"hashrate_hours_ago_7":72,"hashrate_hours_ago_8":264,"hashrate_hours_ago_9":277,"hashrate_hours_ago_10":257,"hashrate_hours_ago_11":239,"hashrate_hours_ago_12":170,"hashrate_hours_ago_13":149,"hashrate_hours_ago_14":296,"hashrate_hours_ago_15":200,"hashrate_hours_ago_16":0,"hashrate_hours_ago_17":0,"hashrate_hours_ago_18":0,"hashrate_hours_ago_19":0,"hashrate_hours_ago_20":0,"hashrate_hours_ago_21":0,"hashrate_hours_ago_22":0,"hashrate_hours_ago_23":0}},"EC-UserId-269277":{"last_hashes":81791068,"current_hashrate":0,"avg_hashrate":0,"history":{"hashrate_hours_ago_1":0,"hashrate_hours_ago_2":0,"hashrate_hours_ago_3":0,"hashrate_hours_ago_4":0,"hashrate_hours_ago_5":0,"hashrate_hours_ago_6":0,"hashrate_hours_ago_7":0,"hashrate_hours_ago_8":0,"hashrate_hours_ago_9":0,"hashrate_hours_ago_10":0,"hashrate_hours_ago_11":0,"hashrate_hours_ago_12":5,"hashrate_hours_ago_13":20,"hashrate_hours_ago_14":76,"hashrate_hours_ago_15":164,"hashrate_hours_ago_16":101,"hashrate_hours_ago_17":183,"hashrate_hours_ago_18":245,"hashrate_hours_ago_19":887,"hashrate_hours_ago_20":3139,"hashrate_hours_ago_21":10573,"hashrate_hours_ago_22":0,"hashrate_hours_ago_23":0}},"recalculate_hours_time":"1615593001"}